OrderID,CustomerID,CustomerName,ProductID,ProductName,Category,Quantity,UnitPrice,OrderDate,City
BANORD0001,CUST8453,Customer_118,P002,Mobile,Electronics,3,28000,2026-06-30,Bangalore
BANORD0002,CUST8102,Customer_90,P010,Football,Sports,9,950,2026-01-29,Bangalore
BANORD0003,CUST2313,Customer_32,P008,Novel,Books,8,550,2026-03-09,Bangalore
BANORD0004,CUST4350,Customer_169,P001,Laptop,Electronics,6,60000,2026-02-28,Bangalore
BANORD0005,CUST3923,Customer_53,P003,Headphones,Electronics,3,2200,2026-02-18,Bangalore
BANORD0006,CUST7712,Customer_95,P003,Headphones,Electronics,4,2200,2026-04-14,Bangalore
BANORD0007,CUST5518,Customer_143,P010,Football,Sports,7,950,2026-02-11,Bangalore
BANORD0008,CUST1092,Customer_47,P001,Laptop,Electronics,10,60000,2026-04-12,Bangalore
BANORD0009,CUST3663,Customer_145,P002,Mobile,Electronics,4,28000,2026-02-12,Bangalore
BANORD0010,CUST4886,Customer_171,P001,Laptop,Electronics,8,60000,2026-06-13,Bangalore
BANORD0011,CUST1859,Customer_33,P010,Football,Sports,10,950,2026-03-05,Bangalore
BANORD0012,CUST5748,Customer_130,P008,Novel,Books,10,550,2026-03-28,Bangalore
BANORD0013,CUST6624,Customer_175,P008,Novel,Books,9,550,2026-04-03,Bangalore
BANORD0014,CUST2014,Customer_103,P010,Football,Sports,2,950,2026-03-18,Bangalore
BANORD0015,CUST4928,Customer_65,P010,Football,Sports,7,950,2026-05-12,Bangalore
BANORD0016,CUST5164,Customer_150,P010,Football,Sports,3,950,2026-01-15,Bangalore
BANORD0017,CUST3698,Customer_84,P008,Novel,Books,1,550,2026-03-12,Bangalore
BANORD0018,CUST4590,Customer_13,P001,Laptop,Electronics,5,60000,2026-05-15,Bangalore
BANORD0019,CUST6852,Customer_56,P008,Novel,Books,6,550,2026-04-27,Bangalore
BANORD0020,CUST2868,Customer_177,P001,Laptop,Electronics,8,60000,2026-02-19,Bangalore
BANORD0021,CUST4426,Customer_31,P008,Novel,Books,1,550,2026-04-10,Bangalore
BANORD0022,CUST3482,Customer_103,P001,Laptop,Electronics,10,60000,2026-06-18,Bangalore
BANORD0023,CUST1636,Customer_140,P010,Football,Sports,8,950,2026-02-11,Bangalore
BANORD0024,CUST1771,Customer_122,P001,Laptop,Electronics,4,60000,2026-03-05,Bangalore
BANORD0025,CUST1639,Customer_25,P002,Mobile,Electronics,3,28000,2026-02-24,Bangalore
BANORD0026,CUST5122,Customer_32,P001,Laptop,Electronics,2,60000,2026-06-26,Bangalore
BANORD0027,CUST9856,Customer_10,P010,Football,Sports,7,950,2026-05-02,Bangalore
BANORD0028,CUST8441,Customer_88,P010,Football,Sports,9,950,2026-02-19,Bangalore
BANORD0029,CUST5115,Customer_149,P008,Novel,Books,7,550,2026-02-07,Bangalore
BANORD0030,CUST2268,Customer_106,P002,Mobile,Electronics,10,28000,2026-03-10,Bangalore
BANORD0031,CUST2555,Customer_67,P010,Football,Sports,4,950,2026-02-28,Bangalore
BANORD0032,CUST5446,Customer_100,P001,Laptop,Electronics,1,60000,2026-03-11,Bangalore
BANORD0033,CUST1427,Customer_10,P003,Headphones,Electronics,9,2200,2026-03-17,Bangalore
BANORD0034,CUST1159,Customer_104,P002,Mobile,Electronics,2,28000,2026-02-26,Bangalore
BANORD0035,CUST1377,Customer_165,P003,Headphones,Electronics,2,2200,2026-05-30,Bangalore
BANORD0036,CUST8279,Customer_83,P003,Headphones,Electronics,1,2200,2026-02-17,Bangalore
BANORD0037,CUST6774,Customer_6,P001,Laptop,Electronics,9,60000,2026-02-06,Bangalore
BANORD0038,CUST1052,Customer_179,P002,Mobile,Electronics,1,28000,2026-06-30,Bangalore
BANORD0039,CUST7493,Customer_130,P003,Headphones,Electronics,3,2200,2026-04-08,Bangalore
BANORD0040,CUST4201,Customer_115,P010,Football,Sports,4,950,2026-02-11,Bangalore
BANORD0041,CUST5436,Customer_148,P008,Novel,Books,2,550,2026-06-10,Bangalore
BANORD0042,CUST3229,Customer_163,P010,Football,Sports,7,950,2026-05-30,Bangalore
BANORD0043,CUST2819,Customer_130,P008,Novel,Books,5,550,2026-02-02,Bangalore
BANORD0044,CUST4655,Customer_149,P001,Laptop,Electronics,1,60000,2026-04-11,Bangalore
BANORD0045,CUST6758,Customer_111,P010,Football,Sports,2,950,2026-01-18,Bangalore
BANORD0046,CUST7819,Customer_114,P001,Laptop,Electronics,1,60000,2026-05-25,Bangalore
BANORD0047,CUST2740,Customer_124,P002,Mobile,Electronics,2,28000,2026-03-17,Bangalore
BANORD0048,CUST3408,Customer_143,P001,Laptop,Electronics,3,60000,2026-05-22,Bangalore
BANORD0049,CUST3788,Customer_38,P008,Novel,Books,6,550,2026-05-25,Bangalore
BANORD0050,CUST8936,Customer_27,P010,Football,Sports,6,950,2026-01-30,Bangalore
BANORD0051,CUST4716,Customer_73,P010,Football,Sports,6,950,2026-02-28,Bangalore
BANORD0052,CUST4683,Customer_4,P001,Laptop,Electronics,9,60000,2026-01-29,Bangalore
BANORD0053,CUST3048,Customer_23,P008,Novel,Books,8,550,2026-06-11,Bangalore
BANORD0054,CUST6736,Customer_123,P001,Laptop,Electronics,9,60000,2026-05-03,Bangalore
BANORD0055,CUST1778,Customer_127,P002,Mobile,Electronics,9,28000,2026-05-31,Bangalore
BANORD0056,CUST9607,Customer_8,P003,Headphones,Electronics,9,2200,2026-01-28,Bangalore
BANORD0057,CUST4812,Customer_11,P002,Mobile,Electronics,8,28000,2026-06-27,Bangalore
BANORD0058,CUST4649,Customer_30,P001,Laptop,Electronics,6,60000,2026-03-24,Bangalore
BANORD0059,CUST5916,Customer_161,P001,Laptop,Electronics,2,60000,2026-03-20,Bangalore
BANORD0060,CUST8169,Customer_179,P003,Headphones,Electronics,10,2200,2026-02-19,Bangalore
BANORD0061,CUST3565,Customer_23,P003,Headphones,Electronics,6,2200,2026-06-02,Bangalore
BANORD0062,CUST4145,Customer_40,P008,Novel,Books,7,550,2026-01-21,Bangalore
BANORD0063,CUST4337,Customer_81,P001,Laptop,Electronics,6,60000,2026-03-10,Bangalore
BANORD0064,CUST2814,Customer_171,P002,Mobile,Electronics,8,28000,2026-01-05,Bangalore
BANORD0065,CUST3658,,P002,Mobile,Electronics,8,28000,2026-06-03,Bangalore
BANORD0066,CUST8233,Customer_139,P001,Laptop,Electronics,6,60000,2026-01-02,Bangalore
BANORD0067,CUST1995,Customer_128,P001,Laptop,Electronics,7,60000,2026-04-08,Bangalore
BANORD0068,CUST8141,Customer_50,P002,Mobile,Electronics,3,28000,2026-02-22,Bangalore
BANORD0069,CUST4563,Customer_65,P003,Headphones,Electronics,5,2200,2026-04-13,Bangalore
BANORD0070,CUST6471,Customer_67,P010,Football,Sports,1,950,2026-03-10,Bangalore
BANORD0071,CUST3884,Customer_133,P002,Mobile,Electronics,1,28000,2026-06-19,Bangalore
BANORD0072,CUST6773,Customer_24,P010,Football,Sports,2,950,2026-02-13,Bangalore
BANORD0073,CUST7066,Customer_121,P008,Novel,Books,4,550,2026-06-19,Bangalore
BANORD0074,CUST7615,Customer_62,P008,Novel,Books,1,550,2026-04-30,Bangalore
BANORD0075,CUST5337,Customer_11,P003,Headphones,Electronics,8,2200,2026-06-02,Bangalore
BANORD0076,CUST6824,Customer_20,P001,Laptop,Electronics,1,60000,2026-06-17,Bangalore
BANORD0077,CUST8501,Customer_149,P003,Headphones,Electronics,10,2200,2026-06-08,Bangalore
BANORD0078,CUST7515,Customer_137,P003,Headphones,Electronics,6,2200,2026-03-25,Bangalore
BANORD0079,CUST4008,Customer_33,P002,Mobile,Electronics,6,28000,2026-05-07,Bangalore
BANORD0080,CUST7694,Customer_159,P010,Football,Sports,4,950,2026-05-08,Bangalore
BANORD0081,CUST4463,Customer_136,P001,Laptop,Electronics,3,60000,2026-01-20,Bangalore
BANORD0082,CUST1310,Customer_21,P002,Mobile,Electronics,10,28000,2026-03-13,Bangalore
BANORD0083,CUST6488,Customer_57,P010,Football,Sports,7,950,2026-06-26,Bangalore
BANORD0084,CUST5474,Customer_153,P001,Laptop,Electronics,8,60000,2026-03-30,Bangalore
BANORD0085,CUST2190,Customer_179,P003,Headphones,Electronics,9,2200,2026-03-15,Bangalore
BANORD0086,CUST7134,Customer_41,P008,Novel,Books,5,550,2026-03-01,Bangalore
BANORD0087,CUST1648,Customer_112,P010,Football,Sports,1,950,2026-03-10,Bangalore
BANORD0088,CUST2616,Customer_138,P001,Laptop,Electronics,5,60000,2026-06-10,Bangalore
BANORD0089,CUST9732,Customer_123,P010,Football,Sports,5,950,2026-06-10,Bangalore
BANORD0090,CUST1700,Customer_176,P008,Novel,Books,8,550,2026-06-25,Bangalore
BANORD0091,CUST2413,Customer_47,P003,Headphones,Electronics,2,2200,2026-05-06,Bangalore
BANORD0092,CUST4419,Customer_168,P008,Novel,Books,9,550,2026-01-22,Bangalore
BANORD0093,CUST3551,Customer_157,P003,Headphones,Electronics,7,2200,2026-05-10,Bangalore
BANORD0094,CUST6435,Customer_102,P001,Laptop,Electronics,7,60000,2026-02-15,Bangalore
BANORD0095,CUST5055,Customer_112,P008,Novel,Books,10,550,2026-06-24,Bangalore
BANORD0096,CUST7032,Customer_116,P001,Laptop,Electronics,1,60000,2026-03-15,Bangalore
BANORD0097,CUST8383,Customer_3,P010,Football,Sports,10,950,2026-03-15,Bangalore
BANORD0098,CUST9015,Customer_115,P002,Mobile,Electronics,9,28000,2026-02-02,Bangalore
BANORD0099,CUST4360,Customer_37,P010,Football,Sports,5,950,2026-04-10,Bangalore
BANORD0100,CUST7570,Customer_7,P001,Laptop,Electronics,2,60000,2026-06-13,Bangalore
BANORD0101,CUST3343,Customer_63,P008,Novel,Books,4,550,2026-05-02,Bangalore
BANORD0102,CUST6067,Customer_105,P002,Mobile,Electronics,5,28000,2026-05-15,Bangalore
BANORD0103,CUST7375,Customer_99,P010,Football,Sports,10,950,2026-06-23,Bangalore
BANORD0104,CUST3289,Customer_30,P010,Football,Sports,1,950,2026-05-11,Bangalore
BANORD0105,CUST9334,Customer_6,P001,Laptop,Electronics,7,60000,2026-04-10,Bangalore
BANORD0106,CUST1332,Customer_57,P010,Football,Sports,2,950,2026-01-20,Bangalore
BANORD0107,CUST7239,Customer_172,P002,Mobile,Electronics,5,28000,2026-03-21,Bangalore
BANORD0108,CUST8826,Customer_42,P008,Novel,Books,10,550,2026-05-22,Bangalore
BANORD0109,CUST6696,Customer_171,P003,Headphones,Electronics,6,2200,2026-04-15,Bangalore
BANORD0110,CUST7916,Customer_19,P003,Headphones,Electronics,4,2200,2026-04-10,Bangalore
BANORD0111,CUST9895,Customer_75,P001,Laptop,Electronics,1,60000,2026-06-12,Bangalore
BANORD0112,CUST8868,Customer_169,P003,Headphones,Electronics,7,2200,2026-03-07,Bangalore
BANORD0113,CUST9100,Customer_36,P010,Football,Sports,10,950,2026-06-02,Bangalore
BANORD0114,CUST1185,Customer_75,P003,Headphones,Electronics,2,2200,2026-04-11,Bangalore
BANORD0115,CUST7536,Customer_134,P001,Laptop,Electronics,4,60000,2026-06-19,Bangalore
BANORD0116,CUST1813,Customer_70,P002,Mobile,Electronics,1,28000,2026-06-30,Bangalore
BANORD0117,CUST8379,Customer_136,P001,Laptop,Electronics,6,60000,2026-01-07,Bangalore
BANORD0118,CUST4304,Customer_152,P003,Headphones,Electronics,6,2200,2026-03-04,Bangalore
BANORD0119,CUST9488,Customer_76,P008,Novel,Books,10,550,2026-03-15,Bangalore
BANORD0120,CUST6255,Customer_166,P003,Headphones,Electronics,6,2200,2026-03-09,Bangalore
BANORD0121,CUST6088,Customer_41,P001,Laptop,Electronics,8,60000,2026-05-10,Bangalore
BANORD0122,CUST4963,Customer_60,P002,Mobile,Electronics,6,28000,2026-02-07,Bangalore
BANORD0123,CUST8670,Customer_121,P010,Football,Sports,3,950,2026-04-14,Bangalore
BANORD0124,CUST3823,Customer_169,P003,Headphones,Electronics,4,2200,2026-06-08,Bangalore
BANORD0125,CUST5657,Customer_73,P002,Mobile,Electronics,8,28000,2026-03-18,Bangalore
BANORD0126,CUST5594,Customer_163,P008,Novel,Books,10,550,2026-03-28,Bangalore
BANORD0127,CUST7319,Customer_98,P001,Laptop,Electronics,9,60000,2026-04-20,Bangalore
BANORD0128,CUST9448,Customer_73,P010,Football,Sports,7,950,2026-01-08,Bangalore
BANORD0129,CUST3315,Customer_104,P008,Novel,Books,6,550,2026-06-02,Bangalore
BANORD0130,CUST7143,,P003,Headphones,Electronics,7,2200,2026-01-31,Bangalore
BANORD0131,CUST3048,Customer_47,P008,Novel,Books,2,550,2026-01-21,Bangalore
BANORD0132,CUST4282,Customer_40,P010,Football,Sports,3,950,2026-01-16,Bangalore
BANORD0133,CUST8914,Customer_141,P008,Novel,Books,8,550,2026-06-13,Bangalore
BANORD0134,CUST2173,Customer_79,P008,Novel,Books,7,550,2026-01-26,Bangalore
BANORD0135,CUST8243,Customer_127,P003,Headphones,Electronics,8,2200,2026-05-29,Bangalore
BANORD0136,CUST1743,Customer_141,P003,Headphones,Electronics,10,2200,2026-02-07,Bangalore
BANORD0137,CUST8437,Customer_7,P001,Laptop,Electronics,10,60000,2026-01-22,Bangalore
BANORD0138,CUST1572,Customer_5,P003,Headphones,Electronics,9,2200,2026-05-22,Bangalore
BANORD0139,CUST2606,Customer_135,P001,Laptop,Electronics,2,60000,2026-03-30,Bangalore
BANORD0140,CUST2673,Customer_141,P010,Football,Sports,5,950,2026-01-01,Bangalore
BANORD0141,CUST1365,Customer_87,P008,Novel,Books,8,550,2026-02-16,Bangalore
BANORD0142,CUST1999,Customer_108,P001,Laptop,Electronics,9,60000,2026-06-11,Bangalore
BANORD0143,CUST5249,Customer_87,P008,Novel,Books,8,550,2026-01-24,Bangalore
BANORD0144,CUST8830,Customer_117,P001,Laptop,Electronics,10,60000,2026-06-20,Bangalore
BANORD0145,CUST7397,Customer_60,P003,Headphones,Electronics,1,2200,2026-05-22,Bangalore
BANORD0146,CUST1168,Customer_145,P010,Football,Sports,2,950,2026-03-13,Bangalore
BANORD0147,CUST7367,Customer_177,P002,Mobile,Electronics,1,28000,2026-02-17,Bangalore
BANORD0148,CUST4467,Customer_42,P010,Football,Sports,5,950,2026-02-26,Bangalore
BANORD0149,CUST9337,Customer_37,P001,Laptop,Electronics,1,60000,2026-05-21,Bangalore
BANORD0150,CUST5722,Customer_26,P003,Headphones,Electronics,10,2200,2026-06-15,Bangalore
BANORD0151,CUST7558,Customer_26,P002,Mobile,Electronics,10,28000,2026-03-26,Bangalore
BANORD0152,CUST7575,Customer_89,P001,Laptop,Electronics,1,60000,2026-06-23,Bangalore
BANORD0153,CUST6163,Customer_153,P008,Novel,Books,4,550,2026-03-29,Bangalore
BANORD0154,CUST3809,Customer_143,P003,Headphones,Electronics,2,2200,2026-05-21,Bangalore
BANORD0155,CUST2901,Customer_97,P010,Football,Sports,1,950,2026-01-09,Bangalore
BANORD0156,CUST9677,Customer_171,P003,Headphones,Electronics,5,2200,2026-05-23,Bangalore
BANORD0157,CUST9337,Customer_165,P008,Novel,Books,9,550,2026-02-12,Bangalore
BANORD0158,CUST3759,Customer_13,P010,Football,Sports,2,950,2026-05-27,Bangalore
BANORD0159,CUST1401,Customer_95,P001,Laptop,Electronics,5,60000,2026-05-16,Bangalore
BANORD0160,CUST4094,Customer_177,P010,Football,Sports,1,950,2026-04-03,Bangalore
BANORD0161,CUST8369,Customer_55,P002,Mobile,Electronics,2,28000,2026-01-30,Bangalore
BANORD0162,CUST1597,Customer_161,P010,Football,Sports,8,950,2026-02-10,Bangalore
BANORD0163,CUST8276,Customer_119,P010,Football,Sports,7,950,2026-05-05,Bangalore
BANORD0164,CUST5172,Customer_174,P008,Novel,Books,8,550,2026-01-17,Bangalore
BANORD0165,CUST7328,Customer_95,P003,Headphones,Electronics,4,2200,2026-01-27,Bangalore
BANORD0166,CUST2179,Customer_54,P008,Novel,Books,9,550,2026-01-08,Bangalore
BANORD0167,CUST1781,Customer_49,P003,Headphones,Electronics,10,2200,2026-04-13,Bangalore
BANORD0168,CUST9472,Customer_161,P010,Football,Sports,1,950,2026-03-08,Bangalore
BANORD0169,CUST6986,Customer_152,P003,Headphones,Electronics,2,2200,2026-01-21,Bangalore
BANORD0170,CUST3862,Customer_81,P001,Laptop,Electronics,8,60000,2026-01-04,Bangalore
BANORD0171,CUST5556,Customer_125,P008,Novel,Books,2,550,2026-06-19,Bangalore
BANORD0172,CUST7193,Customer_5,P010,Football,Sports,4,950,2026-05-17,Bangalore
BANORD0173,CUST5620,Customer_163,P001,Laptop,Electronics,3,60000,2026-06-02,Bangalore
BANORD0174,CUST8350,Customer_155,P001,Laptop,Electronics,10,60000,2026-03-04,Bangalore
BANORD0175,CUST2546,Customer_144,P001,Laptop,Electronics,10,60000,2026-03-22,Bangalore
BANORD0176,CUST8162,Customer_4,P008,Novel,Books,3,550,2026-06-25,Bangalore
BANORD0177,CUST4847,Customer_177,P003,Headphones,Electronics,10,2200,2026-01-10,Bangalore
BANORD0178,CUST6159,Customer_100,P003,Headphones,Electronics,1,2200,2026-02-16,Bangalore
BANORD0179,CUST5779,Customer_90,P003,Headphones,Electronics,10,2200,2026-03-09,Bangalore
BANORD0180,CUST6973,Customer_103,P010,Football,Sports,3,950,2026-05-11,Bangalore
BANORD0181,CUST6288,Customer_64,P001,Laptop,Electronics,7,60000,2026-05-05,Bangalore
BANORD0182,CUST3908,Customer_3,P001,Laptop,Electronics,3,60000,2026-05-19,Bangalore
BANORD0183,CUST1632,Customer_17,P002,Mobile,Electronics,4,28000,2026-01-27,Bangalore
BANORD0184,CUST7436,Customer_176,P008,Novel,Books,9,550,2026-05-03,Bangalore
BANORD0185,CUST5630,Customer_142,P008,Novel,Books,8,550,2026-02-02,Bangalore
BANORD0186,CUST9618,Customer_102,P010,Football,Sports,2,950,2026-06-10,Bangalore
BANORD0187,CUST5888,Customer_54,P001,Laptop,Electronics,7,60000,2026-02-12,Bangalore
BANORD0188,CUST7276,Customer_93,P001,Laptop,Electronics,4,60000,2026-03-03,Bangalore
BANORD0189,CUST4112,Customer_42,P003,Headphones,Electronics,6,2200,2026-06-11,Bangalore
BANORD0190,CUST6234,Customer_44,P003,Headphones,Electronics,7,2200,2026-04-27,Bangalore
BANORD0191,CUST8950,Customer_116,P001,Laptop,Electronics,7,60000,2026-04-17,Bangalore
BANORD0192,CUST8756,Customer_50,P002,Mobile,Electronics,2,28000,2026-03-30,Bangalore
BANORD0193,CUST8952,Customer_108,P002,Mobile,Electronics,8,28000,2026-06-15,Bangalore
BANORD0194,CUST1841,Customer_149,P002,Mobile,Electronics,9,28000,2026-05-20,Bangalore
BANORD0195,CUST9461,,P008,Novel,Books,10,550,2026-01-02,Bangalore
BANORD0196,CUST9416,Customer_129,P002,Mobile,Electronics,10,28000,2026-05-16,Bangalore
BANORD0197,CUST2289,Customer_173,P008,Novel,Books,3,550,2026-01-03,Bangalore
BANORD0198,CUST5636,Customer_172,P010,Football,Sports,8,950,2026-06-01,Bangalore
BANORD0199,CUST4614,Customer_82,P010,Football,Sports,5,950,2026-05-30,Bangalore
BANORD0200,CUST3420,Customer_67,P003,Headphones,Electronics,10,2200,2026-05-30,Bangalore
BANORD0201,CUST4884,Customer_23,P008,Novel,Books,2,550,2026-04-07,Bangalore
BANORD0202,CUST2881,Customer_37,P008,Novel,Books,3,550,2026-05-23,Bangalore
BANORD0203,CUST5787,Customer_46,P010,Football,Sports,2,950,2026-03-11,Bangalore
BANORD0204,CUST3927,Customer_14,P003,Headphones,Electronics,9,2200,2026-05-15,Bangalore
BANORD0205,CUST4611,Customer_155,P001,Laptop,Electronics,9,60000,2026-04-16,Bangalore
BANORD0206,CUST2465,Customer_91,P008,Novel,Books,9,550,2026-03-11,Bangalore
BANORD0207,CUST7439,Customer_144,P002,Mobile,Electronics,8,28000,2026-05-09,Bangalore
BANORD0208,CUST2778,Customer_127,P008,Novel,Books,1,550,2026-02-13,Bangalore
BANORD0209,CUST4997,Customer_65,P001,Laptop,Electronics,4,60000,2026-01-06,Bangalore
BANORD0210,CUST6360,Customer_50,P003,Headphones,Electronics,2,2200,2026-01-14,Bangalore
BANORD0211,CUST8477,Customer_48,P003,Headphones,Electronics,8,2200,2026-05-29,Bangalore
BANORD0212,CUST4036,Customer_80,P002,Mobile,Electronics,2,28000,2026-02-22,Bangalore
BANORD0213,CUST4562,Customer_50,P001,Laptop,Electronics,5,60000,2026-02-13,Bangalore
BANORD0214,CUST3712,Customer_115,P002,Mobile,Electronics,1,28000,2026-06-09,Bangalore
BANORD0215,CUST4500,Customer_25,P001,Laptop,Electronics,8,60000,2026-04-15,Bangalore
BANORD0216,CUST4077,Customer_76,P001,Laptop,Electronics,10,60000,2026-01-28,Bangalore
BANORD0217,CUST8862,Customer_14,P002,Mobile,Electronics,1,28000,2026-01-11,Bangalore
BANORD0218,CUST8770,Customer_113,P008,Novel,Books,10,550,2026-02-24,Bangalore
BANORD0219,CUST3288,Customer_13,P010,Football,Sports,3,950,2026-05-21,Bangalore
BANORD0220,CUST6029,Customer_52,P002,Mobile,Electronics,3,28000,2026-01-23,Bangalore
BANORD0221,CUST6318,Customer_135,P001,Laptop,Electronics,8,60000,2026-04-13,Bangalore
BANORD0222,CUST4805,Customer_144,P003,Headphones,Electronics,9,2200,2026-06-07,Bangalore
BANORD0223,CUST7328,Customer_106,P002,Mobile,Electronics,2,28000,2026-05-09,Bangalore
BANORD0224,CUST4707,Customer_84,P010,Football,Sports,1,950,2026-03-31,Bangalore
BANORD0225,CUST4349,Customer_43,P008,Novel,Books,9,550,2026-02-24,Bangalore
BANORD0226,CUST2676,Customer_12,P001,Laptop,Electronics,7,60000,2026-03-12,Bangalore
BANORD0227,CUST2143,Customer_47,P002,Mobile,Electronics,9,28000,2026-03-11,Bangalore
BANORD0228,CUST4267,Customer_173,P003,Headphones,Electronics,1,2200,2026-03-16,Bangalore
BANORD0229,CUST8497,Customer_30,P002,Mobile,Electronics,1,28000,2026-06-18,Bangalore
BANORD0230,CUST8902,Customer_104,P008,Novel,Books,1,550,2026-05-14,Bangalore
BANORD0231,CUST6595,Customer_66,P003,Headphones,Electronics,1,2200,2026-04-18,Bangalore
BANORD0232,CUST8640,Customer_35,P010,Football,Sports,6,950,2026-03-17,Bangalore
BANORD0233,CUST7074,Customer_144,P003,Headphones,Electronics,1,2200,2026-06-10,Bangalore
BANORD0234,CUST5878,Customer_171,P003,Headphones,Electronics,7,2200,2026-06-15,Bangalore
BANORD0235,CUST1222,Customer_117,P008,Novel,Books,3,550,2026-04-23,Bangalore
BANORD0236,CUST5927,Customer_119,P003,Headphones,Electronics,3,2200,2026-04-23,Bangalore
BANORD0237,CUST3354,Customer_30,P008,Novel,Books,7,550,2026-03-16,Bangalore
BANORD0238,CUST6869,Customer_65,P002,Mobile,Electronics,10,28000,2026-01-23,Bangalore
BANORD0239,CUST1525,Customer_145,P002,Mobile,Electronics,10,28000,2026-02-05,Bangalore
BANORD0240,CUST8068,Customer_30,P003,Headphones,Electronics,7,2200,2026-02-20,Bangalore
BANORD0241,CUST1576,Customer_61,P010,Football,Sports,4,950,2026-03-07,Bangalore
BANORD0242,CUST6187,Customer_28,P001,Laptop,Electronics,10,60000,2026-05-03,Bangalore
BANORD0243,CUST2481,Customer_73,P008,Novel,Books,10,550,2026-06-07,Bangalore
BANORD0244,CUST5538,Customer_68,P001,Laptop,Electronics,9,60000,2026-03-18,Bangalore
BANORD0245,CUST2104,Customer_71,P001,Laptop,Electronics,4,60000,2026-01-08,Bangalore
BANORD0246,CUST6379,Customer_13,P001,Laptop,Electronics,4,60000,2026-04-12,Bangalore
BANORD0247,CUST4453,Customer_175,P003,Headphones,Electronics,10,2200,2026-05-30,Bangalore
BANORD0248,CUST1961,Customer_130,P008,Novel,Books,1,550,2026-05-13,Bangalore
BANORD0249,CUST8881,Customer_78,P002,Mobile,Electronics,10,28000,2026-03-15,Bangalore
BANORD0250,CUST9058,Customer_110,P002,Mobile,Electronics,6,28000,2026-03-06,Bangalore
BANORD0251,CUST5032,Customer_11,P003,Headphones,Electronics,2,2200,2026-05-06,Bangalore
BANORD0252,CUST5641,Customer_90,P001,Laptop,Electronics,2,60000,2026-01-15,Bangalore
BANORD0253,CUST4628,Customer_163,P003,Headphones,Electronics,8,2200,2026-02-16,Bangalore
BANORD0254,CUST7978,Customer_47,P008,Novel,Books,5,550,2026-04-21,Bangalore
BANORD0255,CUST1922,Customer_15,P001,Laptop,Electronics,5,60000,2026-04-09,Bangalore
BANORD0256,CUST4632,Customer_12,P008,Novel,Books,10,550,2026-01-13,Bangalore
BANORD0257,CUST6962,Customer_174,P010,Football,Sports,3,950,2026-05-28,Bangalore
BANORD0258,CUST1831,Customer_64,P001,Laptop,Electronics,9,60000,2026-06-30,Bangalore
BANORD0259,CUST2036,Customer_149,P003,Headphones,Electronics,2,2200,2026-03-01,Bangalore
BANORD0260,CUST7403,,P010,Football,Sports,8,950,2026-01-14,Bangalore
BANORD0261,CUST4992,Customer_82,P002,Mobile,Electronics,5,28000,2026-06-22,Bangalore
BANORD0262,CUST6725,Customer_64,P003,Headphones,Electronics,9,2200,2026-04-24,Bangalore
BANORD0263,CUST8021,Customer_128,P001,Laptop,Electronics,8,60000,2026-04-04,Bangalore
BANORD0264,CUST3825,Customer_85,P003,Headphones,Electronics,8,2200,2026-05-27,Bangalore
BANORD0265,CUST5926,Customer_166,P002,Mobile,Electronics,8,28000,2026-03-23,Bangalore
BANORD0266,CUST1744,Customer_178,P003,Headphones,Electronics,3,2200,2026-03-18,Bangalore
BANORD0267,CUST1678,Customer_89,P002,Mobile,Electronics,1,28000,2026-01-22,Bangalore
BANORD0268,CUST7217,Customer_105,P010,Football,Sports,3,950,2026-05-10,Bangalore
BANORD0269,CUST9300,Customer_40,P001,Laptop,Electronics,10,60000,2026-05-26,Bangalore
BANORD0270,CUST9877,Customer_44,P001,Laptop,Electronics,4,60000,2026-04-22,Bangalore
BANORD0271,CUST3795,Customer_113,P008,Novel,Books,8,550,2026-02-10,Bangalore
BANORD0272,CUST9282,Customer_174,P001,Laptop,Electronics,5,60000,2026-03-21,Bangalore
BANORD0273,CUST1743,Customer_89,P003,Headphones,Electronics,6,2200,2026-02-18,Bangalore
BANORD0274,CUST5348,Customer_153,P003,Headphones,Electronics,1,2200,2026-06-08,Bangalore
BANORD0275,CUST7730,Customer_75,P002,Mobile,Electronics,3,28000,2026-03-10,Bangalore
BANORD0276,CUST7756,Customer_11,P002,Mobile,Electronics,4,28000,2026-01-11,Bangalore
BANORD0277,CUST3723,Customer_3,P003,Headphones,Electronics,8,2200,2026-05-18,Bangalore
BANORD0278,CUST9613,Customer_164,P008,Novel,Books,10,550,2026-01-13,Bangalore
BANORD0279,CUST8154,Customer_82,P001,Laptop,Electronics,3,60000,2026-03-16,Bangalore
BANORD0280,CUST9870,Customer_141,P002,Mobile,Electronics,1,28000,2026-01-15,Bangalore
BANORD0281,CUST4519,Customer_57,P001,Laptop,Electronics,1,60000,2026-01-29,Bangalore
BANORD0282,CUST2324,Customer_75,P002,Mobile,Electronics,7,28000,2026-03-22,Bangalore
BANORD0283,CUST3691,Customer_27,P010,Football,Sports,9,950,2026-02-17,Bangalore
BANORD0284,CUST4182,Customer_70,P002,Mobile,Electronics,6,28000,2026-06-20,Bangalore
BANORD0285,CUST8974,Customer_19,P001,Laptop,Electronics,6,60000,2026-03-28,Bangalore
BANORD0286,CUST5101,Customer_104,P003,Headphones,Electronics,2,2200,2026-04-19,Bangalore
BANORD0287,CUST1746,Customer_67,P010,Football,Sports,2,950,2026-03-18,Bangalore
BANORD0288,CUST2631,Customer_44,P001,Laptop,Electronics,9,60000,2026-02-07,Bangalore
BANORD0289,CUST9169,Customer_156,P003,Headphones,Electronics,4,2200,2026-06-12,Bangalore
BANORD0290,CUST7198,Customer_119,P003,Headphones,Electronics,2,2200,2026-01-27,Bangalore
BANORD0291,CUST1870,Customer_69,P008,Novel,Books,3,550,2026-04-18,Bangalore
BANORD0292,CUST4972,Customer_3,P010,Football,Sports,3,950,2026-04-05,Bangalore
BANORD0293,CUST8201,Customer_116,P002,Mobile,Electronics,3,28000,2026-02-28,Bangalore
BANORD0294,CUST3001,Customer_96,P003,Headphones,Electronics,7,2200,2026-04-28,Bangalore
BANORD0295,CUST7602,Customer_154,P008,Novel,Books,1,550,2026-06-02,Bangalore
BANORD0296,CUST2242,Customer_40,P001,Laptop,Electronics,5,60000,2026-04-03,Bangalore
BANORD0297,CUST2729,Customer_17,P003,Headphones,Electronics,3,2200,2026-04-23,Bangalore
BANORD0298,CUST3122,Customer_122,P001,Laptop,Electronics,5,60000,2026-02-26,Bangalore
BANORD0299,CUST9679,Customer_76,P001,Laptop,Electronics,1,60000,2026-06-24,Bangalore
BANORD0300,CUST9627,Customer_58,P002,Mobile,Electronics,5,28000,2026-05-10,Bangalore
BANORD0301,CUST9736,Customer_108,P010,Football,Sports,6,950,2026-01-04,Bangalore
BANORD0302,CUST6815,Customer_21,P010,Football,Sports,2,950,2026-06-07,Bangalore
BANORD0303,CUST4089,Customer_68,P001,Laptop,Electronics,2,60000,2026-02-25,Bangalore
BANORD0304,CUST9881,Customer_109,P002,Mobile,Electronics,6,28000,2026-04-09,Bangalore
BANORD0305,CUST8484,Customer_131,P001,Laptop,Electronics,7,60000,2026-01-26,Bangalore
BANORD0306,CUST4542,Customer_127,P010,Football,Sports,10,950,2026-04-05,Bangalore
BANORD0307,CUST6165,Customer_78,P003,Headphones,Electronics,1,2200,2026-05-25,Bangalore
BANORD0308,CUST6089,Customer_70,P002,Mobile,Electronics,4,28000,2026-04-11,Bangalore
BANORD0309,CUST2607,Customer_173,P002,Mobile,Electronics,9,28000,2026-02-23,Bangalore
BANORD0310,CUST1737,Customer_50,P010,Football,Sports,4,950,2026-03-15,Bangalore
BANORD0311,CUST2088,Customer_138,P008,Novel,Books,3,550,2026-02-15,Bangalore
BANORD0312,CUST5849,Customer_25,P008,Novel,Books,6,550,2026-04-04,Bangalore
BANORD0313,CUST8898,Customer_27,P002,Mobile,Electronics,4,28000,2026-01-28,Bangalore
BANORD0314,CUST8572,Customer_165,P001,Laptop,Electronics,10,60000,2026-03-19,Bangalore
BANORD0315,CUST7586,Customer_9,P008,Novel,Books,9,550,2026-03-27,Bangalore
BANORD0316,CUST3656,Customer_167,P001,Laptop,Electronics,4,60000,2026-05-25,Bangalore
BANORD0317,CUST8752,Customer_173,P010,Football,Sports,10,950,2026-04-02,Bangalore
BANORD0318,CUST8090,Customer_32,P002,Mobile,Electronics,7,28000,2026-04-12,Bangalore
BANORD0319,CUST1523,Customer_113,P003,Headphones,Electronics,9,2200,2026-04-11,Bangalore
BANORD0320,CUST6354,Customer_177,P001,Laptop,Electronics,4,60000,2026-05-20,Bangalore
BANORD0321,CUST8884,Customer_137,P003,Headphones,Electronics,10,2200,2026-06-16,Bangalore
BANORD0322,CUST5397,Customer_86,P001,Laptop,Electronics,1,60000,2026-03-16,Bangalore
BANORD0323,CUST9836,Customer_5,P003,Headphones,Electronics,2,2200,2026-01-09,Bangalore
BANORD0324,CUST3314,Customer_63,P003,Headphones,Electronics,2,2200,2026-02-28,Bangalore
BANORD0325,CUST7025,,P010,Football,Sports,1,950,2026-04-21,Bangalore
BANORD0326,CUST7705,Customer_115,P003,Headphones,Electronics,3,2200,2026-03-23,Bangalore
BANORD0327,CUST1684,Customer_50,P001,Laptop,Electronics,1,60000,2026-03-29,Bangalore
BANORD0328,CUST7324,Customer_33,P008,Novel,Books,10,550,2026-05-06,Bangalore
BANORD0329,CUST3641,Customer_6,P002,Mobile,Electronics,7,28000,2026-04-08,Bangalore
BANORD0330,CUST1699,Customer_23,P010,Football,Sports,1,950,2026-04-01,Bangalore
BANORD0331,CUST9561,Customer_25,P003,Headphones,Electronics,6,2200,2026-04-12,Bangalore
BANORD0332,CUST9255,Customer_48,P008,Novel,Books,2,550,2026-06-01,Bangalore
BANORD0333,CUST3012,Customer_26,P001,Laptop,Electronics,4,60000,2026-06-01,Bangalore
BANORD0334,CUST5414,Customer_47,P002,Mobile,Electronics,7,28000,2026-03-04,Bangalore
BANORD0335,CUST5500,Customer_42,P001,Laptop,Electronics,9,60000,2026-03-06,Bangalore
BANORD0336,CUST7374,Customer_4,P010,Football,Sports,6,950,2026-06-20,Bangalore
BANORD0337,CUST6861,Customer_59,P003,Headphones,Electronics,7,2200,2026-03-19,Bangalore
BANORD0338,CUST3864,Customer_87,P003,Headphones,Electronics,5,2200,2026-06-03,Bangalore
BANORD0339,CUST5651,Customer_25,P008,Novel,Books,5,550,2026-05-30,Bangalore
BANORD0340,CUST5802,Customer_104,P003,Headphones,Electronics,2,2200,2026-06-14,Bangalore
BANORD0341,CUST5656,Customer_99,P010,Football,Sports,10,950,2026-02-06,Bangalore
BANORD0342,CUST7226,Customer_157,P010,Football,Sports,7,950,2026-01-24,Bangalore
BANORD0343,CUST4175,Customer_113,P002,Mobile,Electronics,5,28000,2026-01-04,Bangalore
BANORD0344,CUST4997,Customer_87,P001,Laptop,Electronics,3,60000,2026-03-15,Bangalore
BANORD0345,CUST5931,Customer_17,P010,Football,Sports,6,950,2026-04-27,Bangalore
BANORD0346,CUST2100,Customer_165,P001,Laptop,Electronics,3,60000,2026-04-01,Bangalore
BANORD0347,CUST7770,Customer_49,P003,Headphones,Electronics,7,2200,2026-03-23,Bangalore
BANORD0348,CUST3231,Customer_25,P001,Laptop,Electronics,3,60000,2026-05-14,Bangalore
BANORD0349,CUST6491,Customer_22,P002,Mobile,Electronics,2,28000,2026-03-24,Bangalore
BANORD0350,CUST4285,Customer_42,P001,Laptop,Electronics,5,60000,2026-06-05,Bangalore
BANORD0351,CUST8809,Customer_14,P010,Football,Sports,3,950,2026-05-10,Bangalore
BANORD0352,CUST3188,Customer_145,P001,Laptop,Electronics,10,60000,2026-05-03,Bangalore
BANORD0353,CUST1301,Customer_26,P001,Laptop,Electronics,2,60000,2026-01-12,Bangalore
BANORD0354,CUST8544,Customer_91,P003,Headphones,Electronics,1,2200,2026-02-17,Bangalore
BANORD0355,CUST9467,Customer_166,P001,Laptop,Electronics,9,60000,2026-02-04,Bangalore
BANORD0356,CUST1803,Customer_140,P008,Novel,Books,8,550,2026-02-05,Bangalore
BANORD0357,CUST7680,Customer_78,P003,Headphones,Electronics,6,2200,2026-04-13,Bangalore
BANORD0358,CUST3580,Customer_158,P010,Football,Sports,5,950,2026-01-09,Bangalore
BANORD0359,CUST7401,Customer_138,P010,Football,Sports,10,950,2026-06-25,Bangalore
BANORD0360,CUST3718,Customer_170,P002,Mobile,Electronics,1,28000,2026-01-01,Bangalore
BANORD0361,CUST5194,Customer_138,P010,Football,Sports,7,950,2026-05-29,Bangalore
BANORD0362,CUST9257,Customer_172,P008,Novel,Books,2,550,2026-02-26,Bangalore
BANORD0363,CUST5445,Customer_35,P001,Laptop,Electronics,9,60000,2026-05-23,Bangalore
BANORD0364,CUST3332,Customer_55,P001,Laptop,Electronics,1,60000,2026-01-30,Bangalore
BANORD0365,CUST1101,Customer_165,P008,Novel,Books,8,550,2026-05-15,Bangalore
BANORD0366,CUST2714,Customer_56,P003,Headphones,Electronics,8,2200,2026-04-28,Bangalore
BANORD0367,CUST8736,Customer_134,P008,Novel,Books,6,550,2026-05-28,Bangalore
BANORD0368,CUST9732,Customer_49,P008,Novel,Books,2,550,2026-06-23,Bangalore
BANORD0369,CUST3369,Customer_153,P002,Mobile,Electronics,4,28000,2026-03-09,Bangalore
BANORD0370,CUST7030,Customer_162,P001,Laptop,Electronics,9,60000,2026-06-13,Bangalore
BANORD0371,CUST6798,Customer_75,P010,Football,Sports,3,950,2026-04-28,Bangalore
BANORD0372,CUST2922,Customer_163,P008,Novel,Books,1,550,2026-04-12,Bangalore
BANORD0373,CUST8236,Customer_5,P003,Headphones,Electronics,5,2200,2026-02-12,Bangalore
BANORD0374,CUST2567,Customer_116,P010,Football,Sports,2,950,2026-04-05,Bangalore
BANORD0375,CUST2416,Customer_86,P001,Laptop,Electronics,10,60000,2026-05-03,Bangalore
BANORD0376,CUST9472,Customer_168,P001,Laptop,Electronics,1,60000,2026-04-12,Bangalore
BANORD0377,CUST3337,Customer_62,P008,Novel,Books,9,550,2026-04-09,Bangalore
BANORD0378,CUST8500,Customer_98,P008,Novel,Books,1,550,2026-03-21,Bangalore
BANORD0379,CUST6203,Customer_87,P001,Laptop,Electronics,8,60000,2026-01-01,Bangalore
BANORD0380,CUST7781,Customer_9,P002,Mobile,Electronics,2,28000,2026-03-25,Bangalore
BANORD0381,CUST2579,Customer_132,P003,Headphones,Electronics,8,2200,2026-01-12,Bangalore
BANORD0382,CUST9007,Customer_107,P008,Novel,Books,10,550,2026-05-01,Bangalore
BANORD0383,CUST2811,Customer_109,P003,Headphones,Electronics,2,2200,2026-05-09,Bangalore
BANORD0384,CUST1496,Customer_133,P002,Mobile,Electronics,7,28000,2026-03-23,Bangalore
BANORD0385,CUST7581,Customer_130,P010,Football,Sports,1,950,2026-06-28,Bangalore
BANORD0386,CUST8830,Customer_152,P002,Mobile,Electronics,4,28000,2026-02-09,Bangalore
BANORD0387,CUST2205,Customer_63,P002,Mobile,Electronics,9,28000,2026-06-12,Bangalore
BANORD0388,CUST9944,Customer_90,P008,Novel,Books,4,550,2026-06-11,Bangalore
BANORD0389,CUST8497,Customer_5,P010,Football,Sports,4,950,2026-02-07,Bangalore
BANORD0390,CUST6398,,P003,Headphones,Electronics,9,2200,2026-02-20,Bangalore
BANORD0391,CUST2473,Customer_30,P010,Football,Sports,10,950,2026-06-02,Bangalore
BANORD0392,CUST4515,Customer_89,P003,Headphones,Electronics,4,2200,2026-02-04,Bangalore
BANORD0393,CUST8487,Customer_36,P010,Football,Sports,8,950,2026-01-14,Bangalore
BANORD0394,CUST1595,Customer_51,P001,Laptop,Electronics,3,60000,2026-03-16,Bangalore
BANORD0395,CUST8594,Customer_170,P003,Headphones,Electronics,3,2200,2026-05-08,Bangalore
BANORD0396,CUST8894,Customer_167,P003,Headphones,Electronics,9,2200,2026-04-04,Bangalore
BANORD0397,CUST5353,Customer_67,P003,Headphones,Electronics,6,2200,2026-02-11,Bangalore
BANORD0398,CUST5424,Customer_93,P001,Laptop,Electronics,3,60000,2026-02-07,Bangalore
BANORD0399,CUST8583,Customer_149,P002,Mobile,Electronics,10,28000,2026-04-01,Bangalore
BANORD0400,CUST4175,Customer_94,P001,Laptop,Electronics,10,60000,2026-05-01,Bangalore
BANORD0401,CUST1587,Customer_37,P010,Football,Sports,3,950,2026-06-17,Bangalore
BANORD0402,CUST3066,Customer_13,P002,Mobile,Electronics,7,28000,2026-04-17,Bangalore
BANORD0403,CUST6679,Customer_149,P008,Novel,Books,5,550,2026-04-07,Bangalore
BANORD0404,CUST6308,Customer_170,P002,Mobile,Electronics,4,28000,2026-02-23,Bangalore
BANORD0405,CUST7797,Customer_64,P008,Novel,Books,10,550,2026-03-23,Bangalore
BANORD0406,CUST5220,Customer_123,P008,Novel,Books,10,550,2026-01-22,Bangalore
BANORD0407,CUST4095,Customer_89,P010,Football,Sports,10,950,2026-05-15,Bangalore
BANORD0408,CUST1521,Customer_85,P008,Novel,Books,5,550,2026-06-30,Bangalore
BANORD0409,CUST4295,Customer_106,P008,Novel,Books,5,550,2026-03-13,Bangalore
BANORD0410,CUST4977,Customer_100,P001,Laptop,Electronics,5,60000,2026-03-11,Bangalore
BANORD0411,CUST6784,Customer_65,P010,Football,Sports,6,950,2026-04-20,Bangalore
BANORD0412,CUST9146,Customer_118,P003,Headphones,Electronics,8,2200,2026-05-30,Bangalore
BANORD0413,CUST2550,Customer_98,P008,Novel,Books,9,550,2026-06-27,Bangalore
BANORD0414,CUST5438,Customer_6,P001,Laptop,Electronics,4,60000,2026-04-15,Bangalore
BANORD0415,CUST4612,Customer_172,P008,Novel,Books,3,550,2026-03-23,Bangalore
BANORD0416,CUST1866,Customer_131,P002,Mobile,Electronics,8,28000,2026-02-24,Bangalore
BANORD0417,CUST3229,Customer_154,P002,Mobile,Electronics,1,28000,2026-06-03,Bangalore
BANORD0418,CUST7424,Customer_153,P008,Novel,Books,7,550,2026-01-26,Bangalore
BANORD0419,CUST4747,Customer_38,P010,Football,Sports,8,950,2026-04-12,Bangalore
BANORD0420,CUST6942,Customer_170,P008,Novel,Books,10,550,2026-05-12,Bangalore
BANORD0421,CUST5871,Customer_120,P002,Mobile,Electronics,5,28000,2026-05-04,Bangalore
BANORD0422,CUST7671,Customer_63,P010,Football,Sports,7,950,2026-02-11,Bangalore
BANORD0423,CUST8971,Customer_165,P008,Novel,Books,4,550,2026-04-24,Bangalore
BANORD0424,CUST4287,Customer_57,P003,Headphones,Electronics,6,2200,2026-05-23,Bangalore
BANORD0425,CUST6790,Customer_113,P003,Headphones,Electronics,1,2200,2026-01-31,Bangalore
BANORD0426,CUST5724,Customer_70,P002,Mobile,Electronics,9,28000,2026-03-01,Bangalore
BANORD0427,CUST1809,Customer_5,P008,Novel,Books,6,550,2026-05-01,Bangalore
BANORD0428,CUST4337,Customer_68,P008,Novel,Books,2,550,2026-05-19,Bangalore
BANORD0429,CUST5206,Customer_30,P002,Mobile,Electronics,3,28000,2026-02-04,Bangalore
BANORD0430,CUST3529,Customer_2,P008,Novel,Books,10,550,2026-03-01,Bangalore
BANORD0431,CUST6999,Customer_180,P002,Mobile,Electronics,5,28000,2026-05-12,Bangalore
BANORD0432,CUST7627,Customer_138,P002,Mobile,Electronics,1,28000,2026-05-31,Bangalore
BANORD0433,CUST9070,Customer_39,P008,Novel,Books,1,550,2026-05-04,Bangalore
BANORD0434,CUST3842,Customer_159,P008,Novel,Books,4,550,2026-02-27,Bangalore
BANORD0435,CUST4683,Customer_45,P003,Headphones,Electronics,5,2200,2026-02-14,Bangalore
BANORD0436,CUST1830,Customer_35,P003,Headphones,Electronics,5,2200,2026-05-23,Bangalore
BANORD0437,CUST9287,Customer_159,P003,Headphones,Electronics,8,2200,2026-06-14,Bangalore
BANORD0438,CUST3199,Customer_168,P010,Football,Sports,6,950,2026-03-09,Bangalore
BANORD0439,CUST6089,Customer_88,P002,Mobile,Electronics,2,28000,2026-03-11,Bangalore
BANORD0440,CUST5028,Customer_37,P001,Laptop,Electronics,4,60000,2026-01-04,Bangalore
BANORD0441,CUST5036,Customer_111,P010,Football,Sports,2,950,2026-03-06,Bangalore
BANORD0442,CUST6452,Customer_164,P010,Football,Sports,8,950,2026-03-28,Bangalore
BANORD0443,CUST5119,Customer_142,P010,Football,Sports,1,950,2026-01-26,Bangalore
BANORD0444,CUST3756,Customer_3,P001,Laptop,Electronics,6,60000,2026-04-06,Bangalore
BANORD0445,CUST1870,Customer_135,P008,Novel,Books,1,550,2026-01-11,Bangalore
BANORD0446,CUST7243,Customer_4,P002,Mobile,Electronics,9,28000,2026-03-05,Bangalore
BANORD0447,CUST5164,Customer_48,P001,Laptop,Electronics,4,60000,2026-06-07,Bangalore
BANORD0448,CUST8603,Customer_14,P003,Headphones,Electronics,5,2200,2026-01-03,Bangalore
BANORD0449,CUST3183,Customer_67,P003,Headphones,Electronics,9,2200,2026-01-28,Bangalore
BANORD0450,CUST6252,Customer_71,P003,Headphones,Electronics,1,2200,2026-06-10,Bangalore
BANORD0451,CUST9028,Customer_116,P003,Headphones,Electronics,1,2200,2026-05-04,Bangalore
BANORD0452,CUST6831,Customer_31,P010,Football,Sports,8,950,2026-03-04,Bangalore
BANORD0453,CUST9627,Customer_51,P008,Novel,Books,7,550,2026-01-05,Bangalore
BANORD0454,CUST6407,Customer_140,P003,Headphones,Electronics,3,2200,2026-05-18,Bangalore
BANORD0455,CUST8147,,P008,Novel,Books,10,550,2026-02-22,Bangalore
BANORD0456,CUST2023,Customer_62,P002,Mobile,Electronics,8,28000,2026-04-26,Bangalore
BANORD0457,CUST7363,Customer_172,P001,Laptop,Electronics,8,60000,2026-04-13,Bangalore
BANORD0458,CUST4232,Customer_12,P003,Headphones,Electronics,4,2200,2026-03-05,Bangalore
BANORD0459,CUST8595,Customer_30,P003,Headphones,Electronics,4,2200,2026-01-20,Bangalore
BANORD0460,CUST3793,Customer_169,P003,Headphones,Electronics,2,2200,2026-03-11,Bangalore
BANORD0461,CUST4658,Customer_122,P010,Football,Sports,2,950,2026-01-24,Bangalore
BANORD0462,CUST2458,Customer_161,P010,Football,Sports,4,950,2026-01-08,Bangalore
BANORD0463,CUST8666,Customer_161,P008,Novel,Books,10,550,2026-01-23,Bangalore
BANORD0464,CUST4984,Customer_111,P001,Laptop,Electronics,3,60000,2026-06-30,Bangalore
BANORD0465,CUST5141,Customer_112,P008,Novel,Books,6,550,2026-01-31,Bangalore
BANORD0466,CUST2937,Customer_38,P001,Laptop,Electronics,7,60000,2026-05-07,Bangalore
BANORD0467,CUST4450,Customer_61,P001,Laptop,Electronics,4,60000,2026-05-22,Bangalore
BANORD0468,CUST4065,Customer_119,P010,Football,Sports,6,950,2026-02-04,Bangalore
BANORD0469,CUST1358,Customer_25,P001,Laptop,Electronics,10,60000,2026-06-05,Bangalore
BANORD0470,CUST3022,Customer_52,P008,Novel,Books,10,550,2026-04-03,Bangalore
BANORD0471,CUST8821,Customer_54,P003,Headphones,Electronics,1,2200,2026-01-24,Bangalore
BANORD0472,CUST4766,Customer_15,P008,Novel,Books,4,550,2026-03-17,Bangalore
BANORD0473,CUST6605,Customer_133,P010,Football,Sports,2,950,2026-04-20,Bangalore
BANORD0474,CUST5862,Customer_173,P008,Novel,Books,9,550,2026-04-28,Bangalore
BANORD0475,CUST2869,Customer_66,P003,Headphones,Electronics,8,2200,2026-01-11,Bangalore
BANORD0476,CUST1217,Customer_61,P003,Headphones,Electronics,3,2200,2026-01-30,Bangalore
BANORD0477,CUST5365,Customer_79,P008,Novel,Books,1,550,2026-02-09,Bangalore
BANORD0478,CUST3996,Customer_34,P002,Mobile,Electronics,5,28000,2026-06-13,Bangalore
BANORD0479,CUST3328,Customer_84,P003,Headphones,Electronics,6,2200,2026-04-06,Bangalore
BANORD0480,CUST2757,Customer_93,P001,Laptop,Electronics,7,60000,2026-03-27,Bangalore
BANORD0481,CUST2843,Customer_104,P003,Headphones,Electronics,7,2200,2026-01-14,Bangalore
BANORD0482,CUST6411,Customer_20,P008,Novel,Books,8,550,2026-06-08,Bangalore
BANORD0483,CUST9180,Customer_103,P008,Novel,Books,2,550,2026-06-09,Bangalore
BANORD0484,CUST8332,Customer_61,P010,Football,Sports,6,950,2026-04-21,Bangalore
BANORD0485,CUST9501,Customer_165,P002,Mobile,Electronics,4,28000,2026-06-05,Bangalore
BANORD0486,CUST9212,Customer_179,P001,Laptop,Electronics,7,60000,2026-04-03,Bangalore
BANORD0487,CUST2869,Customer_84,P001,Laptop,Electronics,6,60000,2026-05-24,Bangalore
BANORD0488,CUST6977,Customer_156,P008,Novel,Books,9,550,2026-05-12,Bangalore
BANORD0489,CUST7287,Customer_68,P001,Laptop,Electronics,8,60000,2026-04-20,Bangalore
BANORD0490,CUST6690,Customer_48,P008,Novel,Books,4,550,2026-06-05,Bangalore
BANORD0491,CUST9680,Customer_120,P008,Novel,Books,4,550,2026-04-22,Bangalore
BANORD0492,CUST6211,Customer_92,P002,Mobile,Electronics,5,28000,2026-02-13,Bangalore
BANORD0493,CUST7914,Customer_153,P001,Laptop,Electronics,1,60000,2026-05-20,Bangalore
BANORD0494,CUST3831,Customer_63,P001,Laptop,Electronics,1,60000,2026-06-22,Bangalore
BANORD0495,CUST9553,Customer_117,P010,Football,Sports,9,950,2026-04-27,Bangalore
BANORD0496,CUST6607,Customer_117,P003,Headphones,Electronics,4,2200,2026-03-29,Bangalore
BANORD0497,CUST6787,Customer_82,P001,Laptop,Electronics,6,60000,2026-04-14,Bangalore
BANORD0498,CUST7353,Customer_13,P001,Laptop,Electronics,8,60000,2026-03-26,Bangalore
BANORD0499,CUST1803,Customer_172,P001,Laptop,Electronics,9,60000,2026-04-04,Bangalore
BANORD0500,CUST5592,Customer_47,P003,Headphones,Electronics,9,2200,2026-01-22,Bangalore
BANORD0021,CUST4426,Customer_31,P008,Novel,Books,1,550,2026-04-10,Bangalore
BANORD0061,CUST3565,Customer_23,P003,Headphones,Electronics,6,2200,2026-06-02,Bangalore
BANORD0121,CUST6088,Customer_41,P001,Laptop,Electronics,8,60000,2026-05-10,Bangalore
BANORD0181,CUST6288,Customer_64,P001,Laptop,Electronics,7,60000,2026-05-05,Bangalore
BANORD0241,CUST1576,Customer_61,P010,Football,Sports,4,950,2026-03-07,Bangalore
